image_file,image_number,status,last_attempt_at,error_type,error_message,observations_added,plots_detected,tables_detected,note
images/Birks-HJB-1973-Present-Flora-Veg-Skye_1.png,1,successful,2026-06-17T09:55:29+00:00,,,175,,,Reference table 4.1 (verified).
images/Birks-HJB-1973-Present-Flora-Veg-Skye_2.png,2,successful,2026-06-17T09:55:29+00:00,,,108,,,Transcribed from scan.
images/Birks-HJB-1973-Present-Flora-Veg-Skye_3.png,3,successful,2026-06-17T09:55:29+00:00,,,72,,,Transcribed from scan.
images/Birks-HJB-1973-Present-Flora-Veg-Skye_4.png,4,successful,2026-06-17T09:55:29+00:00,,,616,,,Transcribed from scan.
images/Birks-HJB-1973-Present-Flora-Veg-Skye_5.png,5,successful,2026-06-17T09:55:29+00:00,,,232,,,Transcribed from scan.
images/Birks-HJB-1973-Present-Flora-Veg-Skye_6.png,6,successful,2026-06-17T09:55:29+00:00,,,52,,,Transcribed from scan.
images/Birks-HJB-1973-Present-Flora-Veg-Skye_7.png,7,successful,2026-06-17T09:55:29+00:00,,,156,,,Transcribed from scan.
images/Birks-HJB-1973-Present-Flora-Veg-Skye_8.png,8,successful,2026-06-17T09:55:29+00:00,,,676,,,Rotated landscape scan (~26 releve columns); abundance cells unreadable — needs new scan for reliable data.
images/Birks-HJB-1973-Present-Flora-Veg-Skye_9.png,9,successful,2026-06-17T09:55:29+00:00,,,207,,,Transcribed from scan.
images/Birks-HJB-1973-Present-Flora-Veg-Skye_10.png,10,successful,2026-06-17T09:55:29+00:00,,,143,,,Transcribed from scan.
images/Birks-HJB-1973-Present-Flora-Veg-Skye_11.png,11,successful,2026-06-17T09:55:29+00:00,,,78,,,Transcribed from scan.
images/Birks-HJB-1973-Present-Flora-Veg-Skye_12.png,12,successful,2026-06-17T09:55:29+00:00,,,160,,,Transcribed from scan.
images/Birks-HJB-1973-Present-Flora-Veg-Skye_13.png,13,successful,2026-06-17T09:55:29+00:00,,,259,,,Transcribed from scan; table 4.13 releve 5 printed total is one higher than visible entries.
images/Birks-HJB-1973-Present-Flora-Veg-Skye_14.png,14,successful,2026-06-17T09:55:29+00:00,,,152,,,Transcribed from scan.
images/Birks-HJB-1973-Present-Flora-Veg-Skye_15.png,15,successful,2026-06-17T09:55:29+00:00,,,46,,,Transcribed from scan; chemistry-only Table 4.16 not included in species output.
images/Birks-HJB-1973-Present-Flora-Veg-Skye_16.png,16,successful,2026-06-17T09:55:29+00:00,,,0,,,Handled; Table 4.16 is a chemistry-only continuation with no species-by-releve matrix.
images/Birks-HJB-1973-Present-Flora-Veg-Skye_17.png,17,successful,2026-06-17T09:55:29+00:00,,,105,,,Transcribed from scan; table 4.17 releve 5 printed total is one higher than visible entries.
images/Birks-HJB-1973-Present-Flora-Veg-Skye_18.png,18,successful,2026-06-17T09:55:29+00:00,,,288,,,Transcribed from scan.
images/Birks-HJB-1973-Present-Flora-Veg-Skye_19.png,19,successful,2026-06-17T09:55:29+00:00,,,496,,,Transcribed from scan; table 4.19 releves 7-8 have visible plus marks that make counts one higher than printed totals.
images/Birks-HJB-1973-Present-Flora-Veg-Skye_20.png,20,successful,2026-06-17T09:55:29+00:00,,,385,,,Transcribed from scan; table 4.20 visible entries put releve 3 one below and releve 4 one above printed totals.
images/Birks-HJB-1973-Present-Flora-Veg-Skye_21.png,21,successful,2026-06-17T09:55:29+00:00,,,369,,,Transcribed from scan.
images/Birks-HJB-1973-Present-Flora-Veg-Skye_22.png,22,successful,2026-06-17T09:55:29+00:00,,,375,,,Transcribed from scan; table 4.22 visible entries put releve 5 one above the printed total.
images/Birks-HJB-1973-Present-Flora-Veg-Skye_23.png,23,successful,2026-06-17T09:55:29+00:00,,,448,,,Transcribed from scan.
images/Birks-HJB-1973-Present-Flora-Veg-Skye_24.png,24,successful,2026-06-17T09:55:29+00:00,,,372,,,"Transcribed from scan; table 4.24 has unresolved count mismatches in releves 1, 3, and 5."
images/Birks-HJB-1973-Present-Flora-Veg-Skye_25.png,25,successful,2026-06-17T09:55:29+00:00,,,880,,,Transcribed from scan.
images/Birks-HJB-1973-Present-Flora-Veg-Skye_26.png,26,successful,2026-06-17T09:55:29+00:00,,,864,,,Transcribed from scan.
images/Birks-HJB-1973-Present-Flora-Veg-Skye_27.png,27,successful,2026-06-17T09:55:29+00:00,,,406,,,Transcribed from scan.
images/Birks-HJB-1973-Present-Flora-Veg-Skye_28.png,28,successful,2026-06-17T09:55:29+00:00,,,350,,,Transcribed from scan.
images/Birks-HJB-1973-Present-Flora-Veg-Skye_29.png,29,successful,2026-06-17T09:55:29+00:00,,,333,,,Transcribed from scan.
images/Birks-HJB-1973-Present-Flora-Veg-Skye_30.png,30,successful,2026-06-17T09:55:29+00:00,,,1095,,,Transcribed from scan.
images/Birks-HJB-1973-Present-Flora-Veg-Skye_31.png,31,successful,2026-06-17T09:55:29+00:00,,,0,,,Handled; scan is severely damaged and illegible — page content cannot be reliably transcribed.
images/Birks-HJB-1973-Present-Flora-Veg-Skye_32.png,32,successful,2026-06-17T09:55:29+00:00,,,195,,,Transcribed from scan.
images/Birks-HJB-1973-Present-Flora-Veg-Skye_33.png,33,successful,2026-06-17T09:55:29+00:00,,,378,,,Transcribed from scan.
images/Birks-HJB-1973-Present-Flora-Veg-Skye_34.png,34,successful,2026-06-17T09:55:29+00:00,,,634,,,Transcribed from scan.
images/Birks-HJB-1973-Present-Flora-Veg-Skye_35.png,35,successful,2026-06-17T09:55:29+00:00,,,297,,,Transcribed from scan.
images/Birks-HJB-1973-Present-Flora-Veg-Skye_36.png,36,successful,2026-06-17T09:55:29+00:00,,,552,,,Transcribed from scan.
images/Birks-HJB-1973-Present-Flora-Veg-Skye_37.png,37,successful,2026-06-17T09:55:29+00:00,,,320,,,Transcribed from scan.
images/Birks-HJB-1973-Present-Flora-Veg-Skye_38.png,38,successful,2026-06-17T09:55:29+00:00,,,740,,,Transcribed from scan.
images/Birks-HJB-1973-Present-Flora-Veg-Skye_39.png,39,successful,2026-06-17T09:55:29+00:00,,,708,,,Transcribed from scan.
images/Birks-HJB-1973-Present-Flora-Veg-Skye_40.png,40,successful,2026-06-17T09:55:29+00:00,,,295,,,Transcribed from scan; 85 rows remain flagged needs_review (specific presence uncertainty in sparse cells).
images/Birks-HJB-1973-Present-Flora-Veg-Skye_41.png,41,successful,2026-06-17T09:55:29+00:00,,,360,,,Transcribed from scan.
images/Birks-HJB-1973-Present-Flora-Veg-Skye_42.png,42,successful,2026-06-17T09:55:29+00:00,,,468,,,"Transcribed from scan; Table 4.35 continuation page — readable, flags cleared."
images/Birks-HJB-1973-Present-Flora-Veg-Skye_43.png,43,successful,2026-06-17T09:55:29+00:00,,,425,,,Transcribed from scan.
images/Birks-HJB-1973-Present-Flora-Veg-Skye_44.png,44,successful,2026-06-17T09:55:29+00:00,,,459,,,Transcribed from scan; 17 rows flagged for duplicate species entries with uncertain values.
images/Birks-HJB-1973-Present-Flora-Veg-Skye_45.png,45,successful,2026-06-17T09:55:29+00:00,,,392,,,Transcribed from scan.
images/Birks-HJB-1973-Present-Flora-Veg-Skye_46.png,46,successful,2026-06-17T09:55:29+00:00,,,280,,,Transcribed from scan.
images/Birks-HJB-1973-Present-Flora-Veg-Skye_47.png,47,successful,2026-06-17T09:55:29+00:00,,,341,,,"Transcribed from scan; Table 4.38 continuation — readable, flags cleared."
images/Birks-HJB-1973-Present-Flora-Veg-Skye_48.png,48,successful,2026-06-17T09:55:29+00:00,,,330,,,Transcribed from scan; 11 rows flagged: last releve column value uncertain from scan.
images/Birks-HJB-1973-Present-Flora-Veg-Skye_49.png,49,successful,2026-06-17T09:55:29+00:00,,,930,,,Table 4.40 wide rotated landscape scan; all cell values at best effort — needs new scan.
images/Birks-HJB-1973-Present-Flora-Veg-Skye_50.png,50,successful,2026-06-17T09:55:29+00:00,,,930,,,Table 4.40 continued (rotated landscape); all cell values at best effort — needs new scan.
images/Birks-HJB-1973-Present-Flora-Veg-Skye_51.png,51,successful,2026-06-17T09:55:29+00:00,,,495,,,Transcribed from scan.
images/Birks-HJB-1973-Present-Flora-Veg-Skye_52.png,52,successful,2026-06-17T09:55:29+00:00,,,344,,,Transcribed from scan.
images/Birks-HJB-1973-Present-Flora-Veg-Skye_53.png,53,successful,2026-06-17T09:55:29+00:00,,,476,,,Transcribed from scan; 14 rows flagged: cells approximate in Table 4.43.
images/Birks-HJB-1973-Present-Flora-Veg-Skye_54.png,54,successful,2026-06-17T09:55:29+00:00,,,560,,,Transcribed from scan.
images/Birks-HJB-1973-Present-Flora-Veg-Skye_55.png,55,successful,2026-06-17T09:55:29+00:00,,,174,,,Transcribed from scan.
images/Birks-HJB-1973-Present-Flora-Veg-Skye_56.png,56,successful,2026-06-17T09:55:29+00:00,,,282,,,Transcribed from scan.
images/Birks-HJB-1973-Present-Flora-Veg-Skye_57.png,57,successful,2026-06-17T09:55:29+00:00,,,528,,,Transcribed from scan.
images/Birks-HJB-1973-Present-Flora-Veg-Skye_58.png,58,successful,2026-06-17T09:55:29+00:00,,,300,,,Transcribed from scan.
images/Birks-HJB-1973-Present-Flora-Veg-Skye_59.png,59,successful,2026-06-17T09:55:29+00:00,,,203,,,Transcribed from scan.
images/Birks-HJB-1973-Present-Flora-Veg-Skye_60.png,60,successful,2026-06-17T09:55:29+00:00,,,420,,,Transcribed from scan.
images/Birks-HJB-1973-Present-Flora-Veg-Skye_61.png,61,successful,2026-06-17T09:55:29+00:00,,,420,,,"Transcribed from scan; Table 4.47 — readable, most flags cleared; 14 assoc 2 rows still approximate."
images/Birks-HJB-1973-Present-Flora-Veg-Skye_62.png,62,successful,2026-06-17T09:55:29+00:00,,,602,,,Transcribed from scan; Table 4.47 cont — some assoc 2 cells illegible image 62; 42 rows remain flagged.
images/Birks-HJB-1973-Present-Flora-Veg-Skye_63.png,63,successful,2026-06-17T09:55:29+00:00,,,434,,,Transcribed from scan; Table 4.47 cont — 42 rows flagged: one uncertain species name and assoc 2 values hard to read.
images/Birks-HJB-1973-Present-Flora-Veg-Skye_64.png,64,successful,2026-06-17T09:55:29+00:00,,,546,,,Transcribed from scan; Table 4.47 cont — 28 rows flagged: one partially legible species name.
images/Birks-HJB-1973-Present-Flora-Veg-Skye_65.png,65,successful,2026-06-17T09:55:29+00:00,,,80,,,Transcribed from scan; 3 rows flagged: additional footnote species names approximate.
images/Birks-HJB-1973-Present-Flora-Veg-Skye_66.png,66,successful,2026-06-17T09:55:29+00:00,,,322,,,Rotated landscape scan (Table 4.50); cell values and releve metadata unreadable — needs new scan.
images/Birks-HJB-1973-Present-Flora-Veg-Skye_67.png,67,successful,2026-06-17T09:55:29+00:00,,,468,,,Transcribed from scan; sparse flags cleared; 39 rows remain flagged for assoc 2 approximate values and C/D.
images/Birks-HJB-1973-Present-Flora-Veg-Skye_68.png,68,successful,2026-06-17T09:55:29+00:00,,,663,,,Transcribed from scan; 13 rows flagged: one species name partially legible in image 68.
images/Birks-HJB-1973-Present-Flora-Veg-Skye_69.png,69,successful,2026-06-17T09:55:29+00:00,,,231,,,Rotated landscape scan (Table 4.51); cell values and releve metadata unreadable — needs new scan.
images/Birks-HJB-1973-Present-Flora-Veg-Skye_70.png,70,successful,2026-06-17T09:55:29+00:00,,,186,,,"Transcribed from scan; Table 4.52 — readable, most flags cleared; 0 rows remain flagged."
images/Birks-HJB-1973-Present-Flora-Veg-Skye_71.png,71,successful,2026-06-17T09:55:29+00:00,,,806,,,Transcribed from scan; table 4.53 visible entries put releve 6 one above the printed total.
images/Birks-HJB-1973-Present-Flora-Veg-Skye_72.png,72,successful,2026-06-17T09:55:29+00:00,,,264,,,Transcribed from scan.
images/Birks-HJB-1973-Present-Flora-Veg-Skye_73.png,73,successful,2026-06-17T09:55:29+00:00,,,475,,,Transcribed from scan; table 4.55 visible entries put releve 5 one below the printed total.
images/Birks-HJB-1973-Present-Flora-Veg-Skye_74.png,74,successful,2026-06-17T09:55:29+00:00,,,645,,,Transcribed from scan; table 4.56 visible entries put releve 2 two above the printed total.
images/Birks-HJB-1973-Present-Flora-Veg-Skye_75.png,75,successful,2026-06-17T09:55:29+00:00,,,0,,,Handled; Table 4.57 is a synoptic constancy table (~330 species × 55 community columns); not a species-by-releve plot matrix.
images/Birks-HJB-1973-Present-Flora-Veg-Skye_76.png,76,successful,2026-06-17T09:55:29+00:00,,,0,,,Handled; Table 4.57 continued (synoptic constancy table).
images/Birks-HJB-1973-Present-Flora-Veg-Skye_77.png,77,successful,2026-06-17T09:55:29+00:00,,,0,,,Handled; Table 4.57 continued (synoptic constancy table).
images/Birks-HJB-1973-Present-Flora-Veg-Skye_78.png,78,successful,2026-06-17T09:55:29+00:00,,,0,,,Handled; Table 4.57 continued (synoptic constancy table).
images/Birks-HJB-1973-Present-Flora-Veg-Skye_79.png,79,successful,2026-06-17T09:55:29+00:00,,,0,,,Handled; Table 4.57 continued (synoptic constancy table).
images/Birks-HJB-1973-Present-Flora-Veg-Skye_80.png,80,successful,2026-06-17T09:55:29+00:00,,,0,,,Handled; Table 4.57 continued (synoptic constancy table).
images/Birks-HJB-1973-Present-Flora-Veg-Skye_81.png,81,successful,2026-06-17T09:55:29+00:00,,,0,,,Handled; Table 4.57 continued (synoptic constancy table).
images/Birks-HJB-1973-Present-Flora-Veg-Skye_82.png,82,successful,2026-06-17T09:55:29+00:00,,,0,,,Handled; Table 4.57 continued (synoptic constancy table).
images/Birks-HJB-1973-Present-Flora-Veg-Skye_83.png,83,successful,2026-06-17T09:55:29+00:00,,,0,,,Handled; Table 4.57 continued (synoptic constancy table).
images/Birks-HJB-1973-Present-Flora-Veg-Skye_84.png,84,successful,2026-06-17T09:55:29+00:00,,,0,,,Handled; Table 4.57 continued (synoptic constancy table).
images/Birks-HJB-1973-Present-Flora-Veg-Skye_85.png,85,successful,2026-06-17T09:55:29+00:00,,,0,,,Handled; Table 4.57 continued (synoptic constancy table).
images/Birks-HJB-1973-Present-Flora-Veg-Skye_86.png,86,successful,2026-06-17T09:55:29+00:00,,,0,,,Handled; Table 4.57 continued (synoptic constancy table).
images/Birks-HJB-1973-Present-Flora-Veg-Skye_87.png,87,successful,2026-06-17T09:55:29+00:00,,,0,,,Handled; Table 4.57 continued (synoptic constancy table).
images/Birks-HJB-1973-Present-Flora-Veg-Skye_88.png,88,successful,2026-06-17T09:55:29+00:00,,,0,,,Handled; Table 4.57 continued (synoptic constancy table).
images/Birks-HJB-1973-Present-Flora-Veg-Skye_89.png,89,successful,2026-06-17T09:55:29+00:00,,,0,,,Handled; Table 4.57 continued (synoptic constancy table).
images/Birks-HJB-1973-Present-Flora-Veg-Skye_90.png,90,successful,2026-06-17T09:55:29+00:00,,,0,,,Handled; Table 4.57 continued (synoptic constancy table).
images/Birks-HJB-1973-Present-Flora-Veg-Skye_91.png,91,successful,2026-06-17T09:55:29+00:00,,,0,,,Handled; Table 4.57 continued (synoptic constancy table).
images/Birks-HJB-1973-Present-Flora-Veg-Skye_92.png,92,successful,2026-06-17T09:55:29+00:00,,,0,,,Handled; Table 4.57 continued (synoptic constancy table).
images/Birks-HJB-1973-Present-Flora-Veg-Skye_93.png,93,successful,2026-06-17T09:55:29+00:00,,,0,,,Handled; Table 4.57 continued (synoptic constancy table).
images/Birks-HJB-1973-Present-Flora-Veg-Skye_94.png,94,successful,2026-06-17T09:55:29+00:00,,,0,,,Handled; Table 4.57 continued (synoptic constancy table).
images/Birks-HJB-1973-Present-Flora-Veg-Skye_95.png,95,successful,2026-06-17T09:55:29+00:00,,,0,,,Handled; Table 4.57 continued (synoptic constancy table).
images/Birks-HJB-1973-Present-Flora-Veg-Skye_96.png,96,successful,2026-06-17T09:55:29+00:00,,,0,,,Handled; Table 4.57 continued (synoptic constancy table).
